{"cameraMode":{"drawMode":0,"name":"Shaded","section":"Shading Mode"},"sceneLighting":false,"audioPlay":false,"sceneViewState":{"m_AlwaysRefresh":false,"showFog":false,"showSkybox":true,"showFlares":false,"showImageEffects":false,"showParticleSystems":false,"showVisualEffectGraphs":true,"m_FxEnabled":true},"in2DMode":false,"pivot":{"x":-35.061012268066409,"y":48.3367919921875,"z":10.542125701904297},"rotation":{"x":-0.0042956555262207989,"y":-0.9954401850700378,"z":0.07811275124549866,"w":-0.05469799041748047},"size":23.397174835205079,"orthographic":false}